<?xml version="1.0" encoding="utf-8"?><!DOCTYPE nta PUBLIC '-//Uppaal Team//DTD Flat System 1.1//EN' 'http://www.it.uu.se/research/group/darts/uppaal/flat-1_1.dtd'><nta><declaration>// Place global declarations here.
const int munkaszam = 3;//25;
const int gepszam = 4;
typedef int[0, munkaszam-1] munka_id;
typedef int[0, gepszam-1] gep_id;


const int munkaido[25][gepszam] = 
{
{1538, -1, -1, 1194},				//15000, 30000, 22000
{1500, -1, -1, 789},				
{1607, -1, -1, 818},				
{-1, -1, 1564, 2143},
{-1, -1, 736, 1017},
{5263, -1, -1, 3214},
{4865, -1, 3025, 3214},
{-1, -1, 1500, 1440},
{-1, -1, 1869, 2459},
{-1, 1282, -1, -1},
{-1, 3750, -1, 3000},
{-1, 6796, 7000, 5600},
{11250, -1, -1, 6716},
{2632, -1, -1, 1527},
{5000, -1, -1, 2985},
{1250, -1, -1, 783},
{4474, -1, -1, 3036},
{-1, 1492, -1, -1},
{-1, 3130, -1, 2687},
{2424, -1, 1074, 1600},
{7317, -1, 3614, -1},
{-1, -1, 864, -1},
{-1, -1, 3624, -1},
{-1, -1, 2667, 4000},
{5952, -1, 3448, 4902}
};

const int atallasi_ido[20][20] = 
{
{0, 300, 800, 1500, 600, 500, 2000, 1100, 0, 0, 500, 1000, 200, 800, 700, 500, 1800, 0, 2500, 300},
{200, 0, 1300, 900, 2500, 200, 800, 2500, 400, 0, 600, 2500, 500, 200, 600, 0, 1100, 0, 800, 2500},
{500, 900, 0, 500, 700, 400, 1500, 400, 900, 0, 200, 1500, 800, 700, 0, 2000, 600, 0, 500, 1300},
{1100, 700, 200, 0, 800, 2000, 900, 0, 1300, 0, 1500, 1000, 1800, 600, 1300, 600, 1500, 0, 1000, 500},
{500, 1000, 0, 1300, 0, 500, 2000, 1300, 900, 0, 400, 300, 2000, 1000, 2000, 700, 200, 0, 300, 900},
{200, 0, 1300, 1000, 1000, 0, 700, 1300, 800, 0, 700, 600, 500, 700, 500, 2000, 900, 0, 1100, 500},
{900, 500, 1100, 0, 1400, 600, 0, 4000, 500, 0, 500, 800, 300, 400, 1100, 500, 1500, 0, 900, 1500},
{1500, 2000, 400, 1300, 500, 900, 700, 0, 900, 0, 400, 1800, 600, 1500, 600, 500, 700, 0, 900, 1100},
{2500, 600, 500, 800, 600, 1800, 600, 200, 0, 0, 2000, 1500, 2000, 0, 600, 900, 1300, 1800, 700, 800},
{0, 0, 0, 0, 0, 0, 0, 0, 0, 0, 1000, 1300, 0, 0, 0, 0, 0, 0, 800, 0},
{800, 1000, 1300, 800, 1100, 400, 2500, 900, 2000, 0, 0, 800, 1000, 2500, 1500, 600, 800, 2500, 1300, 600},
{200, 700, 600, 300, 900, 300, 500, 200, 400, 400, 200, 0, 2000, 1100, 900, 200, 2000, 0, 600, 500},
{900, 800, 1300, 1100, 1300, 600, 400, 1500, 500, 0, 400, 1800, 0, 0, 1800, 800, 600, 0, 2500, 1000},
{1800, 1500, 2000, 1500, 400, 2500, 500, 500, 1100, 0, 600, 1500, 800, 0, 500, 500, 0, 0, 1100, 1500},
{1500, 900, 1300, 900, 600, 100, 200, 1100, 300, 0, 1300, 500, 400, 600, 0, 1300, 1000, 0, 1300, 1000},
{1300, 2000, 1500, 500, 400, 900, 1800, 600, 700, 0, 1500, 2000, 600, 400, 800, 0, 900, 0, 500, 200},
{700, 700, 900, 800, 1400, 600, 800, 1000, 600, 0, 900, 400, 500, 900, 2000, 1300, 0, 0, 700, 1100},
{0, 0, 0, 0, 0, 0, 0, 0, 0, 0, 800, 1300, 0, 0, 0, 0, 0, 0, 1300, 0},
{600, 500, 1100, 500, 400, 1400, 900, 400, 600, 400, 2500, 0, 700, 700, 500, 1300, 700, 200, 0, 2000},
{700, 500, 2000, 1400, 0, 1100, 500, 600, 1400, 2000, 400, 900, 2000, 800, 700, 300, 500, 0, 800, 0}
};

int minTime(munka_id mid){
  int toReturn=9999;
  for(gid: gep_id) {
    if(munkaido[mid][gid] != -1 &amp;&amp; munkaido[mid][gid]&lt;toReturn) toReturn = munkaido[mid][gid];
  }
return toReturn;
}

int[-1,munkaszam-1] elozo[gepszam]={-1,-1,-1,-1};
int[-1,munkaszam-1] aktualis[gepszam]={-1,-1,-1,-1};
int[0,2] allapot[munka_id]={0,0,0};

const int hatarido[25] = {15000, 30000, 22000, 25000, 20000, 30000, 21000, 26000, 30000, 29000, 30000, 21000, 30000, 25000, 24000, 30000, 30000, 30000, 13000, 19000, 30000, 20000, 12000, 30000, 17000};

const int beallasido[gepszam] = {180, 175, 0, 237};




int getReserveTime(gep_id gid){
  	int toReturn = 0;
 	 if(elozo[gid]!=-1) toReturn += atallasi_ido [elozo[gid]][aktualis[gid]];
  	return toReturn + munkaido[aktualis[gid]][gid];
}

clock time;

int[0,munkaszam] todo = munkaszam;

chan befejez[munka_id];
</declaration><template><name x="5" y="5">Gep</name><parameter>const gep_id gid</parameter><declaration>// Place local declarations here.
clock t;
</declaration><location id="id0" x="-4672" y="-3744"><name x="-4656" y="-3752">Dolgozik</name></location><location id="id1" x="-4840" y="-3864"><committed/></location><location id="id2" x="-4672" y="-3864"></location><location id="id3" x="-4984" y="-3696"><name x="-4968" y="-3728">Bekapcsolt</name></location><location id="id4" x="-5224" y="-3696"><name x="-5234" y="-3726">Kikapcsolt</name></location><init ref="id4"/><transition><source ref="id0"/><target ref="id3"/><label kind="guard" x="-4896" y="-3688">t&gt;=munkaido[aktualis[gid]][gid]</label><label kind="synchronisation" x="-4864" y="-3640">befejez[aktualis[gid]]!</label><label kind="assignment" x="-4952" y="-3664">elozo[gid]=aktualis[gid], todo--, allapot[aktualis[gid]]=1</label><nail x="-4672" y="-3696"/><nail x="-4888" y="-3696"/></transition><transition><source ref="id1"/><target ref="id0"/><nail x="-4840" y="-3744"/></transition><transition><source ref="id1"/><target ref="id2"/><label kind="guard" x="-4792" y="-3896">elozo[gid]!=-1</label><nail x="-4744" y="-3864"/></transition><transition><source ref="id2"/><target ref="id0"/><label kind="guard" x="-4664" y="-3816">t&gt;=atallasi_ido[elozo[gid]][aktualis[gid]]</label><label kind="assignment" x="-4664" y="-3800">t=0</label><nail x="-4672" y="-3760"/></transition><transition><source ref="id3"/><target ref="id1"/><label kind="select" x="-5080" y="-3832">id: munka_id</label><label kind="guard" x="-5360" y="-3896">allapot[id]==0 &amp;&amp; munkaido[id][gid]!=-1  &amp;&amp; time&lt;hatarido[id] - munkaido[id][gid]</label><label kind="assignment" x="-5120" y="-3864">t=0, aktualis[gid]= id</label><nail x="-4984" y="-3800"/><nail x="-4984" y="-3864"/><nail x="-4960" y="-3864"/></transition><transition><source ref="id4"/><target ref="id3"/><label kind="guard" x="-5192" y="-3672">time &gt;= beallasido[gid]</label></transition></template><template><name>P0</name><declaration>int ktg=0;</declaration><location id="id5" x="-1176" y="-17024"><label kind="invariant" x="-1152" y="-17040">cost'==ktg</label></location><init ref="id5"/><transition><source ref="id5"/><target ref="id5"/><label kind="select" x="-1312" y="-16944">mid: munka_id</label><label kind="guard" x="-1344" y="-16920">time&lt;hatarido[mid]</label><label kind="synchronisation" x="-1296" y="-16992">befejez[mid]?</label><label kind="assignment" x="-1264" y="-16968">ktg+=1</label><nail x="-1112" y="-16864"/><nail x="-1240" y="-16864"/></transition><transition><source ref="id5"/><target ref="id5"/><label kind="select" x="-1208" y="-17264">mid: munka_id</label><label kind="guard" x="-1224" y="-17240">time==hatarido[mid] &amp;&amp; allapot[mid]==1</label><label kind="assignment" x="-1120" y="-17216">ktg-=1, allapot[mid]=2</label><nail x="-1128" y="-17208"/><nail x="-1232" y="-17208"/></transition></template><system>// Place template instantiations here.


// List one or more processes to be composed into a system.
system Gep,P0;</system></nta>